Altitude (m),Vitesse Vent (m/s)
100,10.0
101,10.014404579275475
102,10.028667239206392
103,10.042790749017241
104,10.056777797662601
105,10.070630996899794
106,10.084352884215901
107,10.097945925617367
108,10.111412518289832
109,10.124754993135413
110,10.137975617194083
111,10.151076595955526
112,10.164060075567273
113,10.176928144944732
114,10.189682837788242
115,10.20232613451204
116,10.21485996408973
117,10.22728620582054
118,10.239606691020418
119,10.251823204641768
120,10.263937486825416
121,10.275951234388167
122,10.287866102249163
123,10.299683704797992
124,10.31140561720745
125,10.323033376693521
126,10.33456848372521
127,10.346012403186522
128,10.357366565492896
129,10.368632367664164
130,10.379811174356123
131,10.390904318852547
132,10.4019131040195
133,10.41283880322362
134,10.423682661216025
135,10.434445894983355
136,10.445129694567392
137,10.45573522385469
138,10.466263621337456
139,10.476716000846984
140,10.487093452260794
141,10.497397042184602
142,10.507627814610188
143,10.517786791550208
144,10.527874973650833
145,10.53789334078325
146,10.54784285261479
147,10.557724449160588
148,10.567539051316524
149,10.577287561374247
150,10.586970863518937
151,10.596589824310566
152,10.606145293149243
153,10.61563810272533
154,10.625069069454876
155,10.634438993900972
156,10.643748661181538
157,10.652998841364111
158,10.662190289848077
159,10.671323747734839
160,10.680399942186416
161,10.689419586772834
162,10.69838338180877
163,10.70729201467986
164,10.716146160158992
165,10.72494648071302
166,10.733693626800184
167,10.742388237158611
168,10.75103093908621
169,10.759622348712247
170,10.768163071260913
171,10.77665370130718
172,10.785094823025162
173,10.793487010429319
174,10.801830827608667
175,10.810126828954314
176,10.818375559380499
177,10.826577554539357
178,10.834733341029647
179,10.842843436599646
180,10.850908350344355
181,10.858928582897281
182,10.866904626616916
183,10.874836965768099
184,10.882726076698455
185,10.890572428010046
186,10.898376480726387
187,10.906138688454998
188,10.9138594975456
189,10.921539347244149
190,10.929178669842765
191,10.93677789082576
192,10.944337429011833
193,10.95185769669258
194,10.959339099767421
195,10.966782037875062
196,10.974186904521586
197,10.981554087205312
198,10.988883967538436
199,10.99617692136569
200,11.003433318879939
201,11.010653524734964
202,11.017837898155413
203,11.024986793044043
204,11.03210055808633
205,11.039179536852515
206,11.046224067897178
207,11.053234484856393
208,11.06021111654254
209,11.067154287036846
210,11.074064315779731
211,11.080941517658976
212,11.08778620309584
213,11.094598678129126
214,11.101379244497302
215,11.108128199718685
216,11.11484583716977
217,11.121532446161767
218,11.128188312015348
219,11.134813716133728
220,11.141408936074022
221,11.147974245617036
222,11.154509914835462
223,11.161016210160538
224,11.16749339444721
225,11.173941727037874
226,11.180361463824669
227,11.186752857310408
228,11.193116156668179
229,11.199451607799626
230,11.205759453391979
231,11.212039932973815
232,11.218293282969665
233,11.224519736753397
234,11.230719524700476
235,11.236892874239121
236,11.243040009900355
237,11.249161153367012
238,11.255256523521707
239,11.261326336493791
240,11.267370805705353
241,11.273390141916229
242,11.279384553268104
243,11.285354245327708
244,11.291299421129098
245,11.29722028121511
246,11.30311702367793
247,11.308989844198887
248,11.314838936087389
249,11.320664490319121
250,11.326466695573458
251,11.332245738270126
252,11.338001802605147
253,11.343735070586062
254,11.349445722066461
255,11.35513393477985
256,11.360799884372831
257,11.366443744437648
258,11.3720656865441
259,11.377665880270838
260,11.383244493236061
261,11.388801691127602
262,11.394337637732486
263,11.399852494965861
264,11.405346422899438
265,11.41081957978936
266,11.416272122103557
267,11.421704204548584
268,11.427115980095962
269,11.432507600008027
270,11.43787921386329
271,11.443230969581354
272,11.448563013447329
273,11.453875490135855
274,11.459168542734625
275,11.464442312767542
276,11.469696940217393
277,11.474932563548164
278,11.480149319726921
279,11.485347344245325
280,11.49052677114073
281,11.495687733016933
282,11.500830361064537
283,11.505954785080968
284,11.511061133490127
285,11.5161495333617
286,11.521220110430143
287,11.526272989113307
288,11.53130829253077
289,11.536326142521826
290,11.541326659663188
291,11.546309963286356
292,11.551276171494727
293,11.556225401180365
294,11.561157768040523
295,11.566073386593876
296,11.570972370196463
297,11.575854831057375
298,11.580720880254185
299,11.585570627748101
300,11.590404182398874
301,11.595221651979479
302,11.600023143190503
303,11.60480876167435
304,11.609578612029178
305,11.614332797822618
306,11.619071421605266
307,11.623794584923957
308,11.628502388334814
309,11.633194931416115
310,11.637872312780909
311,11.642534630089457
312,11.647181980061477
313,11.651814458488163
314,11.656432160244051
315,11.661035179298667
316,11.665623608728014
317,11.67019754072584
318,11.674757066614776
319,11.679302276857271
320,11.683833261066356
321,11.68835010801624
322,11.69285290565277
323,11.697341741103678
324,11.701816700688708
325,11.70627786992958
326,11.710725333559797
327,11.715159175534287
328,11.719579479038932
329,11.723986326499917
330,11.72837979959296
331,11.732759979252394
332,11.73712694568012
333,11.741480778354399
334,11.74582155603855
335,11.750149356789482
336,11.754464257966145
337,11.758766336237795
338,11.763055667592182
339,11.767332327343608
340,11.77159639014085
341,11.775847929974994
342,11.780087020187116
343,11.784313733475903
344,11.788528141905102
345,11.792730316910914
346,11.796920329309257
347,11.801098249302914
348,11.805264146488602
349,11.809418089863932
350,11.813560147834252
351,11.817690388219416
352,11.821808878260438
353,11.825915684626077
354,11.830010873419292
355,11.834094510183647
356,11.838166659909584
357,11.842227387040644
358,11.84627675547958
359,11.850314828594398
360,11.854341669224292
361,11.858357339685528
362,11.86236190177722
363,11.866355416787043
364,11.870337945496852
365,11.87430954818825
366,11.878270284648035
367,11.882220214173634
368,11.886159395578392
369,11.890087887196868
370,11.894005746889983
371,11.897913032050154
372,11.901809799606326
373,11.905696106028959
374,11.909572007334937
375,11.913437559092396
376,11.917292816425539
377,11.921137834019309
378,11.924972666124084
379,11.928797366560243
380,11.932611988722702
381,11.936416585585398
382,11.940211209705694
383,11.943995913228743
384,11.94777074789177
385,11.951535765028336
386,11.955291015572516
387,11.959036550063038
388,11.962772418647358
389,11.966498671085693
390,11.970215356754997
391,11.97392252465289
392,11.977620223401525
393,11.981308501251423
394,11.984987406085247
395,11.988656985421533
396,11.992317286418375
397,11.995968355877052
398,11.999610240245627
399,12.003242985622494
400,12.006866637759876
401,12.010481242067275
402,12.0140868436149
403,12.017683487137031
404,12.021271217035352
405,12.024850077382228
406,12.028420111923982
407,12.031981364084068
408,12.035533876966266
409,12.039077693357807
410,12.042612855732452
411,12.046139406253564
412,12.049657386777115
413,12.05316683885467
414,12.05666780373633
415,12.060160322373644
416,12.063644435422475
417,12.067120183245859
418,12.070587605916783
419,12.074046743220984
420,12.07749763465967
421,12.080940319452228
422,12.084374836538913
423,12.087801224583476
424,12.091219521975775
425,12.094629766834373
426,12.098031997009063
427,12.101426250083415
428,12.10481256337724
429,12.108190973949082
430,12.111561518598622
431,12.114924233869104
432,12.118279156049706
433,12.121626321177883
434,12.124965765041704
435,12.128297523182125
436,12.131621630895287
437,12.134938123234738
438,12.138247035013666
439,12.14154840080707
440,12.144842254953959
441,12.148128631559464
442,12.151407564496974
443,12.154679087410232
444,12.1579432337154
445,12.161200036603107
446,12.164449529040473
447,12.167691743773121
448,12.170926713327146
449,12.174154470011077
450,12.177375045917813
451,12.180588472926535
452,12.183794782704606
453,12.186994006709439
454,12.190186176190347
455,12.193371322190377
456,12.19654947554812
457,12.1997206668995
458,12.202884926679566
459,12.206042285124205
460,12.209192772271916
461,12.212336417965496
462,12.215473251853751
463,12.218603303393175
464,12.221726601849603
465,12.224843176299848
466,12.227953055633334
467,12.231056268553708
468,12.234152843580413
469,12.23724280905028
470,12.240326193119058
471,12.243403023762987
472,12.246473328780295
473,12.249537135792707
474,12.252594472246951
475,12.255645365416221
476,12.258689842401644
477,12.261727930133715
478,12.264759655373728
479,12.267785044715213
480,12.270804124585291
481,12.273816921246105
482,12.276823460796164
483,12.27982376917171
484,12.28281787214804
485,12.28580579534088
486,12.288787564207645
487,12.29176320404878
488,12.294732740009037
489,12.297696197078734
490,12.300653600095046
491,12.303604973743228
492,12.306550342557868
493,12.309489730924101
494,12.312423163078824
495,12.315350663111895
496,12.318272254967326
497,12.32118796244444
498,12.324097809199058
499,12.327001818744632
500,12.329900014453399
501,12.332792419557487
502,12.335679057150067
503,12.338559950186426
504,12.341435121485086
505,12.344304593728872
506,12.347168389465997
507,12.350026531111121
508,12.352879040946398
509,12.35572594112253
510,12.35856725365979
511,12.361403000449043
512,12.36423320325277
513,12.367057883706053
514,12.369877063317587
515,12.372690763470636
516,12.375499005424038
517,12.378301810313143
518,12.381099199150778
519,12.383891192828193
520,12.386677812115998
521,12.389459077665082
522,12.392235010007543
523,12.395005629557582
524,12.39777095661242
525,12.40053101135319
526,12.403285813845798
527,12.40603538404182
528,12.408779741779373
529,12.411518906783952
530,12.414252898669295
531,12.41698173693823
532,12.419705440983494
533,12.422424030088575
534,12.425137523428521
535,12.427845940070762
536,12.430549298975901
537,12.43324761899852
538,12.435940918887965
539,12.43862921728913
540,12.44131253274323
541,12.443990883688565
542,12.44666428846129
543,12.449332765296157
544,12.451996332327269
545,12.454655007588809
546,12.45730880901579
547,12.459957754444769
548,12.462601861614564
549,12.465241148166973
550,12.46787563164748
551,12.47050532950595
552,12.473130259097331
553,12.475750437682327
554,12.478365882428099
555,12.48097661040892
556,12.483582638606858
557,12.48618398391243
558,12.488780663125262
559,12.491372692954746
560,12.49396009002067
561,12.496542870853872
562,12.499121051896871
563,12.501694649504488
564,12.504263679944474
565,12.506828159398129
566,12.509388103960905
567,12.511943529643025
568,12.514494452370064
569,12.51704088798357
570,12.519582852241639
571,12.522120360819494
572,12.52465342931008
573,12.527182073224635
574,12.529706307993246
575,12.532226148965435
576,12.534741611410707
577,12.537252710519105
578,12.539759461401763
579,12.542261879091456
580,12.544759978543123
581,12.547253774634436
582,12.549743282166295
583,12.552228515863382
584,12.554709490374664
585,12.557186220273936
586,12.559658720060304
587,12.562127004158715
588,12.56459108692046
589,12.567050982623673
590,12.569506705473815
591,12.571958269604185
592,12.574405689076398
593,12.576848977880875
594,12.579288149937312
595,12.581723219095165
596,12.584154199134122
597,12.586581103764564
598,12.589003946628036
599,12.591422741297706
600,12.593837501278811
601,12.596248240009132
602,12.598654970859418
603,12.601057707133839
604,12.60345646207044
605,12.605851248841564
606,12.60824208055429
607,12.61062897025086
608,12.613011930909117
609,12.615390975442917
610,12.617766116702557
611,12.62013736747518
612,12.622504740485203
613,12.62486824839472
614,12.627227903803895
615,12.62958371925139
616,12.631935707214751
617,12.634283880110807
618,12.636628250296054
619,12.63896883006706
620,12.641305631660845
621,12.643638667255265
622,12.645967948969396
623,12.6482934888639
624,12.650615298941414
625,12.652933391146918
626,12.655247777368098
627,12.657558469435722
628,12.659865479123987
629,12.662168818150898
630,12.664468498178605
631,12.666764530813781
632,12.66905692760795
633,12.67134570005785
634,12.673630859605778
635,12.67591241763992
636,12.678190385494712
637,12.680464774451169
638,12.682735595737208
639,12.685002860528002
640,12.68726657994629
641,12.689526765062725
642,12.691783426896178
643,12.694036576414074
644,12.696286224532706
645,12.698532382117557
646,12.700775059983615
647,12.703014268895668
648,12.705250019568647
649,12.707482322667898
650,12.709711188809518
651,12.71193662856064
652,12.714158652439734
653,12.716377270916912
654,12.718592494414224
655,12.720804333305944
656,12.72301279791887
657,12.725217898532604
658,12.727419645379852
659,12.729618048646698
660,12.731813118472898
661,12.734004864952134
662,12.736193298132333
663,12.73837842801591
664,12.74056026456006
665,12.742738817677015
666,12.744914097234338
667,12.747086113055163
668,12.749254874918488
669,12.75142039255941
670,12.75358267566942
671,12.755741733896642
672,12.757897576846084
673,12.760050214079925
674,12.762199655117733
675,12.76434590943675
676,12.76648898647212
677,12.768628895617148
678,12.770765646223547
679,12.772899247601671
680,12.775029709020789
681,12.777157039709284
682,12.779281248854932
683,12.78140234560511
684,12.783520339067055
685,12.785635238308084
686,12.787747052355838
687,12.789855790198501
688,12.791961460785036
689,12.79406407302542
690,12.796163635790851
691,12.798260157913994
692,12.800353648189194
693,12.80244411537269
694,12.80453156818285
695,12.80661601530038
696,12.80869746536854
697,12.810775926993365
698,12.81285140874387
699,12.814923919152271
700,12.816993466714191
701,12.819060059888862
702,12.821123707099352
703,12.823184416732747
704,12.825242197140373
705,12.827297056637997
706,12.82934900350601
707,12.831398045989665
708,12.83344419229923
709,12.835487450610222
710,12.837527829063585
711,12.839565335765888
712,12.841599978789521
713,12.843631766172885
714,12.845660705920583
715,12.847686806003603
716,12.84971007435952
717,12.85173051889267
718,12.853748147474336
719,12.855762967942942
720,12.857774988104227
721,12.85978421573143
722,12.861790658565466
723,12.863794324315105
724,12.865795220657157
725,12.867793355236646
726,12.869788735666981
727,12.871781369530124
728,12.87377126437679
729,12.87575842772658
730,12.877742867068187
731,12.879724589859535
732,12.881703603527974
733,12.883679915470426
734,12.88565353305357
735,12.887624463613983
736,12.88959271445833
737,12.891558292863506
738,12.893521206076803
739,12.895481461316086
740,12.897439065769921
741,12.899394026597761
742,12.90134635093009
743,12.903296045868585
744,12.905243118486261
745,12.907187575827642
746,12.909129424908897
747,12.911068672717997
748,12.913005326214872
749,12.914939392331556
750,12.916870877972334
751,12.918799790013894
752,12.920726135305475
753,12.922649920669002
754,12.924571152899247
755,12.92648983876396
756,12.928405985004021
757,12.930319598333577
758,12.93223068544018
759,12.934139252984936
760,12.936045307602638
761,12.93794885590191
762,12.939849904465337
763,12.9417484598496
764,12.943644528585633
765,12.945538117178726
766,12.94742923210868
767,12.949317879829938
768,12.951204066771707
769,12.953087799338105
770,12.954969083908274
771,12.956847926836524
772,12.958724334452453
773,12.960598313061086
774,12.962469868942975
775,12.964339008354369
776,12.966205737527297
777,12.968070062669714
778,12.96993198996563
779,12.971791525575215
780,12.973648675634935
781,12.975503446257669
782,12.977355843532829
783,12.979205873526478
784,12.981053542281462
785,12.982898855817508
786,12.984741820131362
787,12.986582441196882
788,12.988420724965186
789,12.990256677364735
790,12.99209030430147
791,12.993921611658923
792,12.995750605298312
793,12.997577291058679
794,12.999401674756987
795,13.001223762188236
796,13.003043559125564
797,13.004861071320375
798,13.006676304502433
799,13.00848926437997
800,13.010299956639813
801,13.01210838694746
802,13.01391456094721
803,13.015718484262269
804,13.017520162494838
805,13.01931960122623
806,13.02111680601697
807,13.0229117824069
808,13.024704535915289
809,13.026495072040909
810,13.028283396262166
811,13.030069514037187
812,13.031853430803919
813,13.033635151980228
814,13.035414682964007
815,13.037192029133255
816,13.038967195846205
817,13.040740188441385
818,13.042511012237744
819,13.044279672534728
820,13.046046174612389
821,13.04781052373147
822,13.049572725133501
823,13.051332784040898
824,13.053090705657052
825,13.054846495166418
826,13.056600157734609
827,13.058351698508488
828,13.060101122616267
829,13.06184843516758
830,13.063593641253581
831,13.065336745947036
832,13.067077754302414
833,13.06881667135596
834,13.070553502125797
835,13.072288251612008
836,13.07402092479672
837,13.0757515266442
838,13.077480062100921
839,13.079206536095667
840,13.080930953539605
841,13.082653319326374
842,13.084373638332165
843,13.086091915415809
844,13.08780815541885
845,13.08952236316564
846,13.091234543463413
847,13.092944701102358
848,13.094652840855714
849,13.096358967479844
850,13.09806308571431
851,13.09976520028196
852,13.101465315889
853,13.103163437225078
854,13.104859568963352
855,13.106553715760576
856,13.108245882257178
857,13.109936073077328
858,13.111624292829019
859,13.11331054610414
860,13.11499483747856
861,13.116677171512183
862,13.118357552749043
863,13.120035985717365
864,13.121712474929645
865,13.123387024882716
866,13.125059640057822
867,13.126730324920702
868,13.128399083921641
869,13.130065921495556
870,13.131730842062062
871,13.133393850025543
872,13.135054949775222
873,13.136714145685232
874,13.138371442114677
875,13.140026843407712
876,13.141680353893603
877,13.143331977886803
878,13.144981719687008
879,13.146629583579239
880,13.148275573833898
881,13.149919694706826
882,13.1515619504394
883,13.153202345258563
884,13.154840883376911
885,13.15647756899275
886,13.158112406290169
887,13.15974539943909
888,13.161376552595337
889,13.163005869900712
890,13.164633355483044
891,13.166259013456251
892,13.167882847920412
893,13.169504862961823
894,13.17112506265306
895,13.17274345105304
896,13.174360032207083
897,13.175974810146975
898,13.177587788891016
899,13.179198972444098
900,13.180808364797752
901,13.182415969930211
902,13.184021791806474
903,13.185625834378355
904,13.187228101584545
905,13.188828597350676
906,13.190427325589377
907,13.192024290200317
908,13.193619495070285
909,13.195212944073225
910,13.196804641070312
911,13.198394589909993
912,13.199982794428056
913,13.201569258447662
914,13.203153985779439
915,13.204736980221496
916,13.206318245559503
917,13.207897785566738
918,13.209475604004144
919,13.211051704620372
920,13.212626091151852
921,13.21419876732283
922,13.215769736845433
923,13.217339003419708
924,13.218906570733687
925,13.220472442463443
926,13.222036622273114
927,13.223599113814991
928,13.22515992072954
929,13.226719046645472
930,13.228276495179786
931,13.229832269937809
932,13.231386374513272
933,13.232938812488333
934,13.234489587433643
935,13.236038702908392
936,13.237586162460351
937,13.239131969625927
938,13.240676127930216
939,13.242218640887035
940,13.243759511998995
941,13.245298744757525
942,13.246836342642926
943,13.248372309124429
944,13.249906647660232
945,13.251439361697544
946,13.252970454672644
947,13.254499930010912
948,13.256027791126888
949,13.25755404142431
950,13.259078684296158
951,13.260601723124713
952,13.262123161281583
953,13.263643002127756
954,13.265161249013651
955,13.266677905279154
956,13.268192974253667
957,13.269706459256144
958,13.27121836359515
959,13.272728690568881
960,13.27423744346523
961,13.275744625561817
962,13.277250240126044
963,13.278754290415117
964,13.280256779676101
965,13.281757711145977
966,13.283257088051645
967,13.284754913610003
968,13.28625119102798
969,13.28774592350255
970,13.289239114220818
971,13.290730766360015
972,13.292220883087582
973,13.293709467561172
974,13.295196522928718
975,13.296682052328457
976,13.298166058888974
977,13.299648545729244
978,13.301129515958673
979,13.302608972677126
980,13.304086918974985
981,13.305563357933162
982,13.307038292623167
983,13.308511726107119
984,13.309983661437807
985,13.311454101658706
986,13.312923049804036
987,13.31439050889879
988,13.315856481958763
989,13.3173209719906
990,13.318783981991833
991,13.320245514950917
992,13.321705573847265
993,13.323164161651272
994,13.32462128132438
995,13.326076935819087
996,13.327531128078995
997,13.328983861038854
998,13.33043513762457
999,13.331884960753275
1000,13.333333333333336
1001,13.334780258264395
1002,13.336225738437424
1003,13.337669776734726
1004,13.339112376030004
1005,13.34055353918836
1006,13.341993269066363
1007,13.343431568512061
1008,13.344868440365023
1009,13.34630388745637
1010,13.347737912608808
1011,13.34917051863667
1012,13.350601708345934
1013,13.352031484534269
1014,13.353459849991058
1015,13.35488680749744
1016,13.356312359826335
1017,13.357736509742484
1018,13.359159260002466
1019,13.360580613354756
1020,13.362000572539724
1021,13.363419140289704
1022,13.364836319328978
1023,13.366252112373868
1024,13.367666522132708
1025,13.369079551305912
1026,13.370491202585992
1027,13.371901478657595
1028,13.373310382197525
1029,13.374717915874776
1030,13.376124082350575
1031,13.377528884278389
1032,13.378932324303976
1033,13.380334405065403
1034,13.38173512919308
1035,13.383134499309786
1036,13.384532518030714
1037,13.385929187963468
1038,13.38732451170813
1039,13.388718491857258
1040,13.390111130995935
1041,13.391502431701786
1042,13.392892396545019
1043,13.394281028088438
1044,13.39566832888748
1045,13.397054301490243
1046,13.39843894843752
1047,13.39982227226281
1048,13.40120427549236
1049,13.402584960645195
1050,13.403964330233126
1051,13.40534238676081
1052,13.406719132725735
1053,13.408094570618289
1054,13.409468702921759
1055,13.410841532112372
1056,13.412213060659312
1057,13.413583291024754
1058,13.414952225663889
1059,13.416319867024951
1060,13.417686217549234
1061,13.419051279671137
1062,13.420415055818168
1063,13.421777548410988
1064,13.42313875986343
1065,13.424498692582523
1066,13.425857348968512
1067,13.4272147314149
1068,13.42857084230846
1069,13.429925684029259
1070,13.431279258950697
1071,13.432631569439518
1072,13.433982617855838
1073,13.43533240655317
1074,13.436680937878457
1075,13.438028214172082
1076,13.439374237767902
1077,13.440719010993272
1078,13.442062536169066
1079,13.4434048156097
1080,13.444745851623166
1081,13.446085646511035
1082,13.447424202568502
1083,13.448761522084402
1084,13.450097607341228
1085,13.45143246061516
1086,13.452766084176094
1087,13.454098480287648
1088,13.455429651207206
1089,13.456759599185919
1090,13.458088326468747
1091,13.459415835294472
1092,13.46074212789573
1093,13.462067206499011
1094,13.463391073324706
1095,13.464713730587123
1096,13.466035180494503
1097,13.467355425249039
1098,13.46867446704691
1099,13.469992308078302
1100,13.471308950527417
1101,13.472624396572506
1102,13.473938648385888
1103,13.47525170813397
1104,13.476563577977268
1105,13.477874260070434
1106,13.479183756562266
1107,13.480492069595742
1108,13.481799201308037
1109,13.483105153830534
1110,13.484409929288859
1111,13.485713529802894
1112,13.487015957486795
1113,13.488317214449028
1114,13.489617302792368
1115,13.490916224613933
1116,13.492213982005199
1117,13.49351057705203
1118,13.494806011834681
1119,13.496100288427835
1120,13.497393408900605
1121,13.498685375316578
1122,13.49997618973381
1123,13.50126585420486
1124,13.502554370776807
1125,13.503841741491271
1126,13.505127968384425
1127,13.506413053487023
1128,13.50769699882441
1129,13.50897980641656
1130,13.510261478278066
1131,13.511542016418186
1132,13.51282142284084
1133,13.514099699544659
1134,13.51537684852296
1135,13.516652871763805
1136,13.517927771250003
1137,13.519201548959115
1138,13.52047420686351
1139,13.521745746930337
1140,13.523016171121576
1141,13.52428548139405
1142,13.525553679699431
1143,13.526820767984272
1144,13.528086748190017
1145,13.529351622253023
1146,13.530615392104572
1147,13.531878059670893
1148,13.533139626873183
1149,13.534400095627616
1150,13.535659467845372
1151,13.53691774543264
1152,13.538174930290644
1153,13.539431024315665
1154,13.540686029399044
1155,13.541939947427212
1156,13.5431927802817
1157,13.544444529839167
1158,13.545695197971392
1159,13.546944786545321
1160,13.548193297423062
1161,13.549440732461916
1162,13.550687093514373
1163,13.551932382428163
1164,13.553176601046234
1165,13.554419751206794
1166,13.555661834743317
1167,13.556902853484566
1168,13.558142809254601
1169,13.559381703872802
1170,13.560619539153873
1171,13.561856316907878
1172,13.563092038940242
1173,13.564326707051764
1174,13.565560323038653
1175,13.566792888692518
1176,13.568024405800397
1177,13.569254876144784
1178,13.570484301503612
1179,13.571712683650297
1180,13.572940024353752
1181,13.574166325378384
1182,13.575391588484123
1183,13.576615815426434
1184,13.577839007956337
1185,13.579061167820411
1186,13.580282296760812
1187,13.581502396515305
1188,13.582721468817248
1189,13.583939515395638
1190,13.585156537975102
1191,13.586372538275926
1192,13.58758751801406
1193,13.588801478901141
1194,13.5900144226445
1195,13.591226350947188
1196,13.592437265507975
1197,13.59364716802137
1198,13.594856060177642
1199,13.596063943662829
1200,13.59727082015875
1201,13.598476691343022
1202,13.599681558889067
1203,13.60088542446615
1204,13.602088289739351
1205,13.603290156369626
1206,13.604491026013777
1207,13.605690900324497
1208,13.606889780950377
1209,13.608087669535905
1210,13.6092845677215
1211,13.61048047714351
1212,13.611675399434224
1213,13.61286933622191
1214,13.614062289130798
1215,13.615254259781102
1216,13.616445249789052
1217,13.617635260766885
1218,13.618824294322854
1219,13.620012352061273
1220,13.621199435582493
1221,13.622385546482942
1222,13.62357068635512
1223,13.62475485678762
1224,13.625938059365142
1225,13.627120295668504
1226,13.628301567274654
1227,13.629481875756682
1228,13.630661222683829
1229,13.631839609621515
1230,13.633017038131326
1231,13.634193509771055
1232,13.63536902609469
1233,13.636543588652438
1234,13.637717198990744
1235,13.638889858652282
1236,13.640061569175993
1237,13.64123233209707
1238,13.642402148946998
1239,13.643571021253546
1240,13.644738950540784
1241,13.6459059383291
1242,13.647071986135204
1243,13.648237095472151
1244,13.649401267849333
1245,13.650564504772518
1246,13.651726807743835
1247,13.652888178261808
1248,13.654048617821353
1249,13.655208127913784
1250,13.656366710026855
1251,13.657524365644733
1252,13.658681096248037
1253,13.659836903313833
1254,13.66099178831566
1255,13.662145752723523
1256,13.663298798003924
1257,13.664450925619859
1258,13.665602137030833
1259,13.666752433692874
1260,13.667901817058544
1261,13.66905028857694
1262,13.670197849693718
1263,13.671344501851102
1264,13.67249024648789
1265,13.673635085039457
1266,13.67477901893779
1267,13.675922049611474
1268,13.677064178485711
1269,13.67820540698235
1270,13.679345736519858
1271,13.68048516851336
1272,13.681623704374651
1273,13.682761345512185
1274,13.683898093331106
1275,13.685033949233246
1276,13.686168914617147
1277,13.687302990878052
1278,13.688436179407937
1279,13.689568481595513
1280,13.690699898826228
1281,13.691830432482288
1282,13.692960083942664
1283,13.694088854583095
1284,13.695216745776113
1285,13.696343758891045
1286,13.69746989529401
1287,13.698595156347956
1288,13.699719543412645
1289,13.700843057844677
1290,13.701965700997496
1291,13.703087474221402
1292,13.704208378863552
1293,13.70532841626798
1294,13.706447587775607
1295,13.707565894724237
1296,13.708683338448582
1297,13.709799920280268
1298,13.710915641547837
1299,13.71203050357676
1300,13.713144507689455
1301,13.714257655205289
1302,13.715369947440578
1303,13.716481385708617
1304,13.717591971319672
1305,13.718701705581001
1306,13.71981058979685
1307,13.720918625268482
1308,13.722025813294163
1309,13.723132155169186
1310,13.72423765218588
1311,13.725342305633616
1312,13.726446116798806
1313,13.727549086964931
1314,13.728651217412539
1315,13.729752509419255
1316,13.73085296425979
1317,13.731952583205947
1318,13.733051367526636
1319,13.734149318487884
1320,13.735246437352833
1321,13.736342725381759
1322,13.73743818383207
1323,13.738532813958336
1324,13.73962661701227
1325,13.740719594242755
1326,13.741811746895847
1327,13.742903076214784
1328,13.743993583439995
1329,13.745083269809108
1330,13.746172136556954
1331,13.747260184915584
1332,13.748347416114273
1333,13.74943383137953
1334,13.750519431935102
1335,13.75160421900198
1336,13.752688193798424
1337,13.753771357539947
1338,13.754853711439349
1339,13.755935256706698
1340,13.757015994549358
1341,13.758095926171997
1342,13.75917505277658
1343,13.760253375562383
1344,13.761330895726022
1345,13.762407614461424
1346,13.763483532959862
1347,13.764558652409953
1348,13.76563297399767
1349,13.766706498906348
1350,13.767779228316687
1351,13.768851163406769
1352,13.76992230535206
1353,13.77099265532541
1354,13.772062214497085
1355,13.77313098403475
1356,13.77419896510348
1357,13.775266158865792
1358,13.77633256648161
1359,13.777398189108315
1360,13.778463027900726
1361,13.779527084011116
1362,13.780590358589222
1363,13.781652852782248
1364,13.782714567734867
1365,13.783775504589249
1366,13.784835664485046
1367,13.785895048559409
1368,13.786953657946992
1369,13.788011493779967
1370,13.789068557188022
1371,13.790124849298376
1372,13.791180371235777
1373,13.792235124122518
1374,13.79328910907844
1375,13.79434232722094
1376,13.795394779664974
1377,13.79644646752308
1378,13.797497391905358
1379,13.7985475539195
1380,13.79959695467079
1381,13.800645595262104
1382,13.801693476793933
1383,13.802740600364368
1384,13.803786967069133
1385,13.804832578001557
1386,13.805877434252627
1387,13.80692153691095
1388,13.80796488706279
1389,13.809007485792053
1390,13.810049334180318
1391,13.811090433306822
1392,13.812130784248478
1393,13.813170388079879
1394,13.814209245873304
1395,13.815247358698722
1396,13.816284727623808
1397,13.817321353713938
1398,13.818357238032208
1399,13.819392381639426
1400,13.820426785594126
1401,13.821460450952584
1402,13.822493378768797
1403,13.823525570094533
1404,13.824557025979288
1405,13.82558774747033
1406,13.826617735612686
1407,13.827646991449152
1408,13.828675516020311
1409,13.829703310364522
1410,13.830730375517934
1411,13.831756712514494
1412,13.832782322385949
1413,13.833807206161863
1414,13.834831364869604
1415,13.835854799534365
1416,13.836877511179168
1417,13.837899500824868
1418,13.83892076949016
1419,13.839941318191581
1420,13.840961147943522
1421,13.841980259758234
1422,13.842998654645823
1423,13.844016333614283
1424,13.845033297669458
1425,13.846049547815099
1426,13.847065085052824
1427,13.848079910382156
1428,13.84909402480052
1429,13.850107429303234
1430,13.85112012488354
1431,13.852132112532589
1432,13.853143393239456
1433,13.854153967991149
1434,13.855163837772603
1435,13.856173003566703
1436,13.857181466354271
1437,13.858189227114085
1438,13.85919628682288
1439,13.860202646455352
1440,13.861208306984166
1441,13.862213269379964
1442,13.863217534611367
1443,13.86422110364498
1444,13.865223977445401
1445,13.866226156975223
1446,13.86722764319504
1447,13.86822843706346
1448,13.869228539537096
1449,13.870227951570582
1450,13.871226674116583
1451,13.872224708125788
1452,13.873222054546915
1453,13.874218714326737
1454,13.875214688410063
1455,13.876209977739753
1456,13.877204583256727
1457,13.878198505899967
1458,13.87919174660652
1459,13.880184306311506
1460,13.881176185948124
1461,13.882167386447657
1462,13.883157908739474
1463,13.884147753751037
1464,13.88513692240791
1465,13.886125415633762
1466,13.887113234350364
1467,13.888100379477612
1468,13.889086851933508
1469,13.890072652634188
1470,13.89105778249392
1471,13.892042242425099
1472,13.893026033338268
1473,13.894009156142104
1474,13.894991611743444
1475,13.895973401047275
1476,13.896954524956742
1477,13.897934984373167
1478,13.898914780196025
1479,13.899893913322975
1480,13.900872384649858
1481,13.901850195070693
1482,13.902827345477698
1483,13.903803836761274
1484,13.904779669810027
1485,13.905754845510772
1486,13.906729364748522
1487,13.907703228406513
1488,13.9086764373662
1489,13.909648992507254
1490,13.910620894707579
1491,13.911592144843317
1492,13.912562743788834
1493,13.913532692416753
1494,13.914501991597934
1495,13.915470642201495
1496,13.91643864509481
1497,13.917406001143508
1498,13.918372711211493
1499,13.919338776160933
1500,13.920304196852271
1501,13.921268974144233
1502,13.922233108893833
1503,13.923196601956361
1504,13.924159454185414
1505,13.925121666432874
1506,13.926083239548941
1507,13.927044174382107
1508,13.928004471779184
1509,13.9289641325853
1510,13.929923157643898
1511,13.930881547796753
1512,13.931839303883958
1513,13.932796426743957
1514,13.933752917213512
1515,13.93470877612775
1516,13.935664004320117
1517,13.936618602622435
1518,13.937572571864873
1519,13.938525912875955
1520,13.939478626482577
1521,13.940430713509995
1522,13.941382174781847
1523,13.942333011120143
1524,13.943283223345274
1525,13.944232812276017
1526,13.945181778729538
1527,13.946130123521405
1528,13.947077847465572
1529,13.9480249513744
1530,13.948971436058663
1531,13.949917302327536
1532,13.950862550988619
1533,13.951807182847919
1534,13.952751198709874
1535,13.95369459937735
1536,13.954637385651644
1537,13.955579558332484
1538,13.956521118218042
1539,13.957462066104931
1540,13.958402402788211
1541,13.959342129061397
1542,13.960281245716462
1543,13.961219753543828
1544,13.962157653332392
1545,13.963094945869512
1546,13.96403163194102
1547,13.964967712331227
1548,13.965903187822912
1549,13.966838059197352
1550,13.967772327234306
1551,13.968705992712017
1552,13.969639056407232
1553,13.970571519095195
1554,13.971503381549653
1555,13.972434644542854
1556,13.973365308845567
1557,13.974295375227069
1558,13.975224844455154
1559,13.976153717296139
1560,13.977081994514872
1561,13.978009676874725
1562,13.978936765137606
1563,13.979863260063956
1564,13.980789162412766
1565,13.981714472941556
1566,13.982639192406415
1567,13.983563321561968
1568,13.9844868611614
1569,13.985409811956456
1570,13.986332174697447
1571,13.987253950133244
1572,13.988175139011298
1573,13.989095742077623
1574,13.990015760076817
1575,13.990935193752065
1576,13.991854043845123
1577,13.992772311096342
1578,13.993689996244672
1579,13.994607100027647
1580,13.995523623181409
1581,13.996439566440698
1582,13.997354930538858
1583,13.998269716207853
1584,13.99918392417825
1585,14.000097555179234
1586,14.001010609938618
1587,14.00192308918283
1588,14.002834993636926
1589,14.0037463240246
1590,14.004657081068173
1591,14.005567265488605
1592,14.0064768780055
1593,14.007385919337107
1594,14.008294390200312
1595,14.009202291310666
1596,14.010109623382371
1597,14.011016387128276
1598,14.011922583259908
1599,14.012828212487449
1600,14.01373327551975
1601,14.014637773064333
1602,14.015541705827395
1603,14.016445074513816
1604,14.017347879827149
1605,14.018250122469638
1606,14.019151803142206
1607,14.020052922544481
1608,14.020953481374773
1609,14.0218534803301
1610,14.022752920106166
1611,14.023651801397394
1612,14.024550124896908
1613,14.02544789129654
1614,14.026345101286838
1615,14.027241755557071
1616,14.028137854795226
1617,14.029033399688004
1618,14.029928390920846
1619,14.030822829177913
1620,14.031716715142105
1621,14.032610049495052
1622,14.033502832917122
1623,14.03439506608744
1624,14.035286749683856
1625,14.036177884382978
1626,14.037068470860165
1627,14.03795850978953
1628,14.038848001843943
1629,14.03973694769503
1630,14.040625348013192
1631,14.041513203467586
1632,14.042400514726141
1633,14.043287282455562
1634,14.044173507321323
1635,14.045059189987683
1636,14.045944331117681
1637,14.046828931373138
1638,14.047712991414667
1639,14.048596511901666
1640,14.049479493492326
1641,14.050361936843645
1642,14.05124384261141
1643,14.052125211450209
1644,14.05300604401344
1645,14.05388634095331
1646,14.054766102920837
1647,14.055645330565849
1648,14.05652402453699
1649,14.057402185481731
1650,14.058279814046353
1651,14.05915691087598
1652,14.060033476614548
1653,14.060909511904823
1654,14.061785017388427
1655,14.062659993705793
1656,14.063534441496206
1657,14.064408361397792
1658,14.065281754047517
1659,14.066154620081203
1660,14.06702696013352
1661,14.067898774837982
1662,14.068770064826975
1663,14.069640830731732
1664,14.070511073182349
1665,14.071380792807798
1666,14.072249990235896
1667,14.073118666093352
1668,14.073986821005736
1669,14.074854455597489
1670,14.075721570491943
1671,14.076588166311307
1672,14.077454243676659
1673,14.07831980320798
1674,14.07918484552414
1675,14.08004937124288
1676,14.080913380980858
1677,14.08177687535362
1678,14.082639854975605
1679,14.083502320460163
1680,14.084364272419544
1681,14.085225711464902
1682,14.086086638206313
1683,14.086947053252745
1684,14.087806957212102
1685,14.088666350691193
1686,14.089525234295747
1687,14.090383608630418
1688,14.091241474298789
1689,14.092098831903364
1690,14.092955682045579
1691,14.093812025325807
1692,14.094667862343352
1693,14.095523193696453
1694,14.096378019982293
1695,14.097232341797005
1696,14.09808615973565
1697,14.098939474392253
1698,14.099792286359781
1699,14.100644596230152
1700,14.101496404594249
1701,14.102347712041897
1702,14.103198519161898
1703,14.104048826542005
1704,14.104898634768938
1705,14.105747944428387
1706,14.106596756105015
1707,14.107445070382445
1708,14.10829288784329
1709,14.109140209069123
1710,14.109987034640515
1711,14.110833365137
1712,14.111679201137116
1713,14.112524543218369
1714,14.113369391957265
1715,14.114213747929298
1716,14.115057611708956
1717,14.115900983869722
1718,14.116743864984079
1719,14.117586255623507
1720,14.118428156358496
1721,14.119269567758536
1722,14.12011049039212
1723,14.120950924826762
1724,14.121790871628981
1725,14.122630331364311
1726,14.123469304597302
1727,14.124307791891532
1728,14.125145793809583
1729,14.125983310913076
1730,14.126820343762652
1731,14.127656892917981
1732,14.12849295893776
1733,14.129328542379723
1734,14.13016364380064
1735,14.13099826375631
1736,14.131832402801578
1737,14.132666061490328
1738,14.133499240375492
1739,14.13433194000904
1740,14.135164160942
1741,14.135995903724439
1742,14.136827168905482
1743,14.137657957033309
1744,14.138488268655161
1745,14.13931810431733
1746,14.140147464565171
1747,14.140976349943104
1748,14.141804760994612
1749,14.142632698262254
1750,14.143460162287651
1751,14.144287153611486
1752,14.145113672773542
1753,14.14593972031265
1754,14.14676529676674
1755,14.14759040267281
1756,14.148415038566947
1757,14.149239204984317
1758,14.150062902459178
1759,14.15088613152487
1760,14.151708892713831
1761,14.152531186557592
1762,14.153353013586763
1763,14.154174374331074
1764,14.154995269319338
1765,14.15581569907947
1766,14.156635664138498
1767,14.157455165022547
1768,14.158274202256848
1769,14.159092776365746
1770,14.159910887872687
1771,14.16072853730025
1772,14.161545725170107
1773,14.16236245200306
1774,14.163178718319024
1775,14.163994524637046
1776,14.164809871475274
1777,14.165624759351005
1778,14.16643918878065
1779,14.167253160279753
1780,14.168066674362981
1781,14.168879731544145
1782,14.169692332336188
1783,14.170504477251184
1784,14.171316166800347
1785,14.17212740149404
1786,14.172938181841758
1787,14.17374850835215
1788,14.174558381532997
1789,14.175367801891243
1790,14.17617676993298
1791,14.17698528616344
1792,14.177793351087022
1793,14.178600965207279
1794,14.179408129026912
1795,14.180214843047791
1796,14.181021107770952
1797,14.18182692369658
1798,14.182632291324031
1799,14.183437211151839
1800,14.184241683677687
1801,14.185045709398445
1802,14.185849288810147
1803,14.186652422408008
1804,14.18745511068641
1805,14.188257354138921
1806,14.18905915325829
1807,14.18986050853644
1808,14.190661420464483
1809,14.191461889532713
1810,14.192261916230615
1811,14.193061501046863
1812,14.193860644469316
1813,14.19465934698503
1814,14.195457609080256
1815,14.19625543124044
1816,14.197052813950222
1817,14.197849757693449
1818,14.198646262953162
1819,14.199442330211612
1820,14.20023795995025
1821,14.201033152649734
1822,14.201827908789932
1823,14.20262222884992
1824,14.203416113307993
1825,14.204209562641644
1826,14.205002577327601
1827,14.205795157841795
1828,14.206587304659376
1829,14.207379018254723
1830,14.208170299101434
1831,14.208961147672323
1832,14.20975156443944
1833,14.210541549874057
1834,14.211331104446673
1835,14.212120228627027
1836,14.21290892288408
1837,14.21369718768603
1838,14.214485023500309
1839,14.215272430793592
1840,14.21605941003179
1841,14.21684596168005
1842,14.217632086202768
1843,14.218417784063579
1844,14.21920305572537
1845,14.219987901650263
1846,14.220772322299643
1847,14.22155631813414
1848,14.222339889613625
1849,14.223123037197245
1850,14.223905761343378
1851,14.224688062509681
1852,14.225469941153053
1853,14.22625139772966
1854,14.227032432694928
1855,14.227813046503547
1856,14.228593239609479
1857,14.229373012465933
1858,14.230152365525411
1859,14.230931299239662
1860,14.231709814059721
1861,14.23248791043589
1862,14.233265588817746
1863,14.234042849654143
1864,14.234819693393208
1865,14.235596120482356
1866,14.236372131368269
1867,14.237147726496925
1868,14.237922906313582
1869,14.238697671262774
1870,14.23947202178833
1871,14.24024595833337
1872,14.241019481340288
1873,14.241792591250793
1874,14.242565288505864
1875,14.24333757354579
1876,14.244109446810153
1877,14.244880908737823
1878,14.245651959766974
1879,14.246422600335086
1880,14.247192830878934
1881,14.247962651834598
1882,14.248732063637464
1883,14.249501066722218
1884,14.250269661522863
1885,14.251037848472707
1886,14.251805628004366
1887,14.25257300054977
1888,14.253339966540166
1889,14.254106526406112
1890,14.254872680577481
1891,14.255638429483465
1892,14.256403773552577
1893,14.257168713212657
1894,14.25793324889085
1895,14.258697381013636
1896,14.259461110006825
1897,14.260224436295543
1898,14.260987360304247
1899,14.261749882456725
1900,14.262512003176097
1901,14.263273722884811
1902,14.264035042004652
1903,14.264795960956736
1904,14.265556480161521
1905,14.266316600038795
1906,14.267076321007693
1907,14.267835643486684
1908,14.268594567893588
1909,14.269353094645554
1910,14.270111224159093
1911,14.270868956850043
1912,14.271626293133606
1913,14.272383233424321
1914,14.273139778136082
1915,14.273895927682139
1916,14.274651682475085
1917,14.275407042926878
1918,14.276162009448818
1919,14.276916582451571
1920,14.277670762345167
1921,14.278424549538979
1922,14.279177944441754
1923,14.2799309474616
1924,14.280683559005983
1925,14.281435779481733
1926,14.282187609295054
1927,14.28293904885151
1928,14.28369009855604
1929,14.284440758812949
1930,14.285191030025914
1931,14.285940912597983
1932,14.286690406931584
1933,14.28743951342851
1934,14.288188232489942
1935,14.288936564516435
1936,14.289684509907918
1937,14.290432069063703
1938,14.291179242382489
1939,14.291926030262353
1940,14.292672433100757
1941,14.293418451294542
1942,14.294164085239954
1943,14.29490933533261
1944,14.295654201967519
1945,14.29639868553909
1946,14.29714278644111
1947,14.297886505066774
1948,14.298629841808657
1949,14.299372797058737
1950,14.300115371208395
1951,14.300857564648394
1952,14.301599377768913
1953,14.302340810959514
1954,14.303081864609181
1955,14.303822539106287
1956,14.304562834838608
1957,14.305302752193338
1958,14.306042291557063
1959,14.30678145331579
1960,14.30752023785492
1961,14.308258645559281
1962,14.308996676813099
1963,14.309734332000021
1964,14.310471611503104
1965,14.31120851570482
1966,14.311945044987056
1967,14.312681199731122
1968,14.313416980317744
1969,14.314152387127061
1970,14.314887420538643
1971,14.315622080931476
1972,14.316356368683973
1973,14.317090284173972
1974,14.317823827778728
1975,14.31855699987493
1976,14.319289800838698
1977,14.320022231045575
1978,14.320754290870536
1979,14.321485980687989
1980,14.32221730087177
1981,14.322948251795157
1982,14.323678833830856
1983,14.32440904735101
1984,14.325138892727201
1985,14.325868370330447
1986,14.32659748053121
1987,14.327326223699384
1988,14.328054600204316
1989,14.328782610414788
1990,14.329510254699024
1991,14.3302375334247
1992,14.330964446958932
1993,14.331690995668291
1994,14.332417179918789
1995,14.333143000075891
1996,14.33386845650451
1997,14.33459354956901
1998,14.335318279633213
1999,14.33604264706039
2000,14.336766652213269
